sanyam@gmail.com,sanyam123,1234,9911239023,Delhi,1234,24000,savings,8
pragun@gmail.com,pragun123,pragun,9911239024,Delhi,1234,10000,fd,7
piyush@gmail.com,piyush123,piyush,9911238043,Delhi,1234,20000,rd,5
prabghun@gmail.com,prabghun123,prabghun,9911237034,Haryana,1234,20000,savings,8
garvit@gmail.com,garvit123,garvit,9911239024,Bihar,1234,13000,fd,7
rishabh@gmail.com,rishabh123,rishabh,99112349078,Delhi,1234,25000,fd,7
jaiswal@gmail.com,jaiswal123,jaiswal,9911237045,UP,1234,14000,fd,7
